"","query_file","Confidence","Hit_1","ribo_1","Dist_1","hit_1_jpeg","chormatogram_jpeg"
"1","Files_to_analyze/5049.A12.F001.fsa","good match","F-Ribotyping_Reps.lite.15/F001/F001.1.fsa","F001",0.0511957129142726,"Results_2021-08-31_11_39_19/hit_5049.A12.F001.jpeg","Results_2021-08-31_11_39_19/chrom_5049.A12.F001.jpeg"
"2","Files_to_analyze/5049.C12.F002.fsa","good match","F-Ribotyping_Reps.lite.15/F002/F002.1.fsa","F002",0.0275495370014855,"Results_2021-08-31_11_39_19/hit_5049.C12.F002.jpeg","Results_2021-08-31_11_39_19/chrom_5049.C12.F002.jpeg"
"3","Files_to_analyze/6823.B04.F255.fsa","good match","F-Ribotyping_Reps.lite.15/F255/F255.1.fsa","F255",0.0144677754478691,"Results_2021-08-31_11_39_19/hit_6823.B04.F255.jpeg","Results_2021-08-31_11_39_19/chrom_6823.B04.F255.jpeg"
"4","Files_to_analyze/6868.B10.F005.fsa","good match","F-Ribotyping_Reps.lite.15/F005/F005.2.fsa","F005",0.0425064205219054,"Results_2021-08-31_11_39_19/hit_6868.B10.F005.jpeg","Results_2021-08-31_11_39_19/chrom_6868.B10.F005.jpeg"
